<?xml version="1.0" encoding="UTF-8"?>
<root>
  <item name="android.telephony.ims.Rcs1To1Thread android.telephony.ims.RcsParticipant getRecipient()">
    <annotation name="androidx.annotation.WorkerThread"/>
  </item>
  <item name="android.telephony.ims.Rcs1To1Thread long getFallbackThreadId()">
    <annotation name="androidx.annotation.WorkerThread"/>
  </item>
  <item name="android.telephony.ims.Rcs1To1Thread void setFallbackThreadId(long)">
    <annotation name="androidx.annotation.WorkerThread"/>
  </item>
  <item name="android.telephony.ims.RcsEventQueryParams int getEventType()">
    <annotation name="androidx.annotation.IntDef">
      <val name="value" val="{android.telephony.ims.RcsEventQueryParams.ALL_EVENTS, android.telephony.ims.RcsEventQueryParams.ALL_GROUP_THREAD_EVENTS, android.telephony.ims.RcsEventQueryParams.PARTICIPANT_ALIAS_CHANGED_EVENT, android.telephony.ims.RcsEventQueryParams.GROUP_THREAD_PARTICIPANT_JOINED_EVENT, android.telephony.ims.RcsEventQueryParams.GROUP_THREAD_PARTICIPANT_LEFT_EVENT, android.telephony.ims.RcsEventQueryParams.GROUP_THREAD_NAME_CHANGED_EVENT, android.telephony.ims.RcsEventQueryParams.GROUP_THREAD_ICON_CHANGED_EVENT}" />
    </annotation>
  </item>
  <item name="android.telephony.ims.RcsEventQueryParams.Builder android.telephony.ims.RcsEventQueryParams.Builder setEventType(int)">
    <annotation name="androidx.annotation.CheckResult"/>
  </item>
  <item name="android.telephony.ims.RcsEventQueryParams.Builder android.telephony.ims.RcsEventQueryParams.Builder setEventType(int) 0">
    <annotation name="androidx.annotation.IntDef">
      <val name="value" val="{android.telephony.ims.RcsEventQueryParams.ALL_EVENTS, android.telephony.ims.RcsEventQueryParams.ALL_GROUP_THREAD_EVENTS, android.telephony.ims.RcsEventQueryParams.PARTICIPANT_ALIAS_CHANGED_EVENT, android.telephony.ims.RcsEventQueryParams.GROUP_THREAD_PARTICIPANT_JOINED_EVENT, android.telephony.ims.RcsEventQueryParams.GROUP_THREAD_PARTICIPANT_LEFT_EVENT, android.telephony.ims.RcsEventQueryParams.GROUP_THREAD_NAME_CHANGED_EVENT, android.telephony.ims.RcsEventQueryParams.GROUP_THREAD_ICON_CHANGED_EVENT}" />
    </annotation>
  </item>
  <item name="android.telephony.ims.RcsEventQueryParams.Builder android.telephony.ims.RcsEventQueryParams.Builder setGroupThread(android.telephony.ims.RcsGroupThread)">
    <annotation name="androidx.annotation.CheckResult"/>
  </item>
  <item name="android.telephony.ims.RcsEventQueryParams.Builder android.telephony.ims.RcsEventQueryParams.Builder setResultLimit(int)">
    <annotation name="androidx.annotation.CheckResult"/>
  </item>
  <item name="android.telephony.ims.RcsEventQueryParams.Builder android.telephony.ims.RcsEventQueryParams.Builder setResultLimit(int) 0">
    <annotation name="androidx.annotation.IntRange">
      <val name="from" val="0" />
    </annotation>
  </item>
  <item name="android.telephony.ims.RcsEventQueryParams.Builder android.telephony.ims.RcsEventQueryParams.Builder setSortDirection(boolean)">
    <annotation name="androidx.annotation.CheckResult"/>
  </item>
  <item name="android.telephony.ims.RcsEventQueryParams.Builder android.telephony.ims.RcsEventQueryParams.Builder setSortProperty(int)">
    <annotation name="androidx.annotation.CheckResult"/>
  </item>
  <item name="android.telephony.ims.RcsEventQueryParams.Builder android.telephony.ims.RcsEventQueryParams.Builder setSortProperty(int) 0">
    <annotation name="androidx.annotation.IntDef">
      <val name="value" val="{android.telephony.ims.RcsEventQueryParams.SORT_BY_CREATION_ORDER, android.telephony.ims.RcsEventQueryParams.SORT_BY_TIMESTAMP}" />
    </annotation>
  </item>
  <item name="android.telephony.ims.RcsFileTransferCreationParams int getFileTransferStatus()">
    <annotation name="androidx.annotation.IntDef">
      <val name="value" val="{android.telephony.ims.RcsFileTransferPart.DRAFT, android.telephony.ims.RcsFileTransferPart.SENDING, android.telephony.ims.RcsFileTransferPart.SENDING_PAUSED, android.telephony.ims.RcsFileTransferPart.SENDING_FAILED, android.telephony.ims.RcsFileTransferPart.SENDING_CANCELLED, android.telephony.ims.RcsFileTransferPart.DOWNLOADING, android.telephony.ims.RcsFileTransferPart.DOWNLOADING_PAUSED, android.telephony.ims.RcsFileTransferPart.DOWNLOADING_FAILED, android.telephony.ims.RcsFileTransferPart.DOWNLOADING_CANCELLED, android.telephony.ims.RcsFileTransferPart.SUCCEEDED}" />
    </annotation>
  </item>
  <item name="android.telephony.ims.RcsFileTransferCreationParams.Builder android.telephony.ims.RcsFileTransferCreationParams.Builder setContentMimeType(java.lang.String)">
    <annotation name="androidx.annotation.CheckResult"/>
  </item>
  <item name="android.telephony.ims.RcsFileTransferCreationParams.Builder android.telephony.ims.RcsFileTransferCreationParams.Builder setContentUri(android.net.Uri)">
    <annotation name="androidx.annotation.CheckResult"/>
  </item>
  <item name="android.telephony.ims.RcsFileTransferCreationParams.Builder android.telephony.ims.RcsFileTransferCreationParams.Builder setFileSize(long)">
    <annotation name="androidx.annotation.CheckResult"/>
  </item>
  <item name="android.telephony.ims.RcsFileTransferCreationParams.Builder android.telephony.ims.RcsFileTransferCreationParams.Builder setFileTransferSessionId(java.lang.String)">
    <annotation name="androidx.annotation.CheckResult"/>
  </item>
  <item name="android.telephony.ims.RcsFileTransferCreationParams.Builder android.telephony.ims.RcsFileTransferCreationParams.Builder setFileTransferStatus(int)">
    <annotation name="androidx.annotation.CheckResult"/>
  </item>
  <item name="android.telephony.ims.RcsFileTransferCreationParams.Builder android.telephony.ims.RcsFileTransferCreationParams.Builder setFileTransferStatus(int) 0">
    <annotation name="androidx.annotation.IntDef">
      <val name="value" val="{android.telephony.ims.RcsFileTransferPart.DRAFT, android.telephony.ims.RcsFileTransferPart.SENDING, android.telephony.ims.RcsFileTransferPart.SENDING_PAUSED, android.telephony.ims.RcsFileTransferPart.SENDING_FAILED, android.telephony.ims.RcsFileTransferPart.SENDING_CANCELLED, android.telephony.ims.RcsFileTransferPart.DOWNLOADING, android.telephony.ims.RcsFileTransferPart.DOWNLOADING_PAUSED, android.telephony.ims.RcsFileTransferPart.DOWNLOADING_FAILED, android.telephony.ims.RcsFileTransferPart.DOWNLOADING_CANCELLED, android.telephony.ims.RcsFileTransferPart.SUCCEEDED}" />
    </annotation>
  </item>
  <item name="android.telephony.ims.RcsFileTransferCreationParams.Builder android.telephony.ims.RcsFileTransferCreationParams.Builder setHeight(int)">
    <annotation name="androidx.annotation.CheckResult"/>
  </item>
  <item name="android.telephony.ims.RcsFileTransferCreationParams.Builder android.telephony.ims.RcsFileTransferCreationParams.Builder setMediaDuration(long)">
    <annotation name="androidx.annotation.CheckResult"/>
  </item>
  <item name="android.telephony.ims.RcsFileTransferCreationParams.Builder android.telephony.ims.RcsFileTransferCreationParams.Builder setPreviewMimeType(java.lang.String)">
    <annotation name="androidx.annotation.CheckResult"/>
  </item>
  <item name="android.telephony.ims.RcsFileTransferCreationParams.Builder android.telephony.ims.RcsFileTransferCreationParams.Builder setPreviewUri(android.net.Uri)">
    <annotation name="androidx.annotation.CheckResult"/>
  </item>
  <item name="android.telephony.ims.RcsFileTransferCreationParams.Builder android.telephony.ims.RcsFileTransferCreationParams.Builder setTransferOffset(long)">
    <annotation name="androidx.annotation.CheckResult"/>
  </item>
  <item name="android.telephony.ims.RcsFileTransferCreationParams.Builder android.telephony.ims.RcsFileTransferCreationParams.Builder setWidth(int)">
    <annotation name="androidx.annotation.CheckResult"/>
  </item>
  <item name="android.telephony.ims.RcsFileTransferPart android.net.Uri getContentUri()">
    <annotation name="androidx.annotation.WorkerThread"/>
  </item>
  <item name="android.telephony.ims.RcsFileTransferPart android.net.Uri getPreviewUri()">
    <annotation name="androidx.annotation.WorkerThread"/>
  </item>
  <item name="android.telephony.ims.RcsFileTransferPart int getFileTransferStatus()">
    <annotation name="androidx.annotation.WorkerThread"/>
    <annotation name="androidx.annotation.IntDef">
      <val name="value" val="{android.telephony.ims.RcsFileTransferPart.DRAFT, android.telephony.ims.RcsFileTransferPart.SENDING, android.telephony.ims.RcsFileTransferPart.SENDING_PAUSED, android.telephony.ims.RcsFileTransferPart.SENDING_FAILED, android.telephony.ims.RcsFileTransferPart.SENDING_CANCELLED, android.telephony.ims.RcsFileTransferPart.DOWNLOADING, android.telephony.ims.RcsFileTransferPart.DOWNLOADING_PAUSED, android.telephony.ims.RcsFileTransferPart.DOWNLOADING_FAILED, android.telephony.ims.RcsFileTransferPart.DOWNLOADING_CANCELLED, android.telephony.ims.RcsFileTransferPart.SUCCEEDED}" />
    </annotation>
  </item>
  <item name="android.telephony.ims.RcsFileTransferPart int getHeight()">
    <annotation name="androidx.annotation.WorkerThread"/>
  </item>
  <item name="android.telephony.ims.RcsFileTransferPart int getWidth()">
    <annotation name="androidx.annotation.WorkerThread"/>
  </item>
  <item name="android.telephony.ims.RcsFileTransferPart java.lang.String getContentMimeType()">
    <annotation name="androidx.annotation.WorkerThread"/>
  </item>
  <item name="android.telephony.ims.RcsFileTransferPart java.lang.String getFileTransferSessionId()">
    <annotation name="androidx.annotation.WorkerThread"/>
  </item>
  <item name="android.telephony.ims.RcsFileTransferPart java.lang.String getPreviewMimeType()">
    <annotation name="androidx.annotation.WorkerThread"/>
  </item>
  <item name="android.telephony.ims.RcsFileTransferPart long getFileSize()">
    <annotation name="androidx.annotation.WorkerThread"/>
  </item>
  <item name="android.telephony.ims.RcsFileTransferPart long getLength()">
    <annotation name="androidx.annotation.WorkerThread"/>
  </item>
  <item name="android.telephony.ims.RcsFileTransferPart long getTransferOffset()">
    <annotation name="androidx.annotation.WorkerThread"/>
  </item>
  <item name="android.telephony.ims.RcsFileTransferPart void setContentMimeType(java.lang.String)">
    <annotation name="androidx.annotation.WorkerThread"/>
  </item>
  <item name="android.telephony.ims.RcsFileTransferPart void setContentUri(android.net.Uri)">
    <annotation name="androidx.annotation.WorkerThread"/>
  </item>
  <item name="android.telephony.ims.RcsFileTransferPart void setFileSize(long)">
    <annotation name="androidx.annotation.WorkerThread"/>
  </item>
  <item name="android.telephony.ims.RcsFileTransferPart void setFileTransferSessionId(java.lang.String)">
    <annotation name="androidx.annotation.WorkerThread"/>
  </item>
  <item name="android.telephony.ims.RcsFileTransferPart void setFileTransferStatus(int)">
    <annotation name="androidx.annotation.WorkerThread"/>
  </item>
  <item name="android.telephony.ims.RcsFileTransferPart void setFileTransferStatus(int) 0">
    <annotation name="androidx.annotation.IntDef">
      <val name="value" val="{android.telephony.ims.RcsFileTransferPart.DRAFT, android.telephony.ims.RcsFileTransferPart.SENDING, android.telephony.ims.RcsFileTransferPart.SENDING_PAUSED, android.telephony.ims.RcsFileTransferPart.SENDING_FAILED, android.telephony.ims.RcsFileTransferPart.SENDING_CANCELLED, android.telephony.ims.RcsFileTransferPart.DOWNLOADING, android.telephony.ims.RcsFileTransferPart.DOWNLOADING_PAUSED, android.telephony.ims.RcsFileTransferPart.DOWNLOADING_FAILED, android.telephony.ims.RcsFileTransferPart.DOWNLOADING_CANCELLED, android.telephony.ims.RcsFileTransferPart.SUCCEEDED}" />
    </annotation>
  </item>
  <item name="android.telephony.ims.RcsFileTransferPart void setHeight(int)">
    <annotation name="androidx.annotation.WorkerThread"/>
  </item>
  <item name="android.telephony.ims.RcsFileTransferPart void setLength(long)">
    <annotation name="androidx.annotation.WorkerThread"/>
  </item>
  <item name="android.telephony.ims.RcsFileTransferPart void setPreviewMimeType(java.lang.String)">
    <annotation name="androidx.annotation.WorkerThread"/>
  </item>
  <item name="android.telephony.ims.RcsFileTransferPart void setPreviewUri(android.net.Uri)">
    <annotation name="androidx.annotation.WorkerThread"/>
  </item>
  <item name="android.telephony.ims.RcsFileTransferPart void setTransferOffset(long)">
    <annotation name="androidx.annotation.WorkerThread"/>
  </item>
  <item name="android.telephony.ims.RcsFileTransferPart void setWidth(int)">
    <annotation name="androidx.annotation.WorkerThread"/>
  </item>
  <item name="android.telephony.ims.RcsGroupThread android.net.Uri getConferenceUri()">
    <annotation name="androidx.annotation.WorkerThread"/>
  </item>
  <item name="android.telephony.ims.RcsGroupThread android.telephony.ims.RcsParticipant getOwner()">
    <annotation name="androidx.annotation.WorkerThread"/>
  </item>
  <item name="android.telephony.ims.RcsGroupThread java.lang.String getGroupName()">
    <annotation name="androidx.annotation.WorkerThread"/>
  </item>
  <item name="android.telephony.ims.RcsGroupThread java.util.Set&lt;android.telephony.ims.RcsParticipant&gt; getParticipants()">
    <annotation name="androidx.annotation.WorkerThread"/>
  </item>
  <item name="android.telephony.ims.RcsGroupThread void addParticipant(android.telephony.ims.RcsParticipant)">
    <annotation name="androidx.annotation.WorkerThread"/>
  </item>
  <item name="android.telephony.ims.RcsGroupThread void removeParticipant(android.telephony.ims.RcsParticipant)">
    <annotation name="androidx.annotation.WorkerThread"/>
  </item>
  <item name="android.telephony.ims.RcsGroupThread void setConferenceUri(android.net.Uri)">
    <annotation name="androidx.annotation.WorkerThread"/>
  </item>
  <item name="android.telephony.ims.RcsGroupThread void setGroupIcon(android.net.Uri)">
    <annotation name="androidx.annotation.WorkerThread"/>
  </item>
  <item name="android.telephony.ims.RcsGroupThread void setGroupName(java.lang.String)">
    <annotation name="androidx.annotation.WorkerThread"/>
  </item>
  <item name="android.telephony.ims.RcsGroupThread void setOwner(android.telephony.ims.RcsParticipant)">
    <annotation name="androidx.annotation.WorkerThread"/>
  </item>
  <item name="android.telephony.ims.RcsIncomingMessage android.telephony.ims.RcsParticipant getSenderParticipant()">
    <annotation name="androidx.annotation.WorkerThread"/>
  </item>
  <item name="android.telephony.ims.RcsIncomingMessage long getArrivalTimestamp()">
    <annotation name="androidx.annotation.WorkerThread"/>
  </item>
  <item name="android.telephony.ims.RcsIncomingMessage long getSeenTimestamp()">
    <annotation name="androidx.annotation.WorkerThread"/>
  </item>
  <item name="android.telephony.ims.RcsIncomingMessage void setArrivalTimestamp(long)">
    <annotation name="androidx.annotation.WorkerThread"/>
  </item>
  <item name="android.telephony.ims.RcsIncomingMessage void setSeenTimestamp(long)">
    <annotation name="androidx.annotation.WorkerThread"/>
  </item>
  <item name="android.telephony.ims.RcsIncomingMessageCreationParams.Builder android.telephony.ims.RcsIncomingMessageCreationParams.Builder setArrivalTimestamp(long)">
    <annotation name="androidx.annotation.CheckResult"/>
  </item>
  <item name="android.telephony.ims.RcsIncomingMessageCreationParams.Builder android.telephony.ims.RcsIncomingMessageCreationParams.Builder setSeenTimestamp(long)">
    <annotation name="androidx.annotation.CheckResult"/>
  </item>
  <item name="android.telephony.ims.RcsIncomingMessageCreationParams.Builder android.telephony.ims.RcsIncomingMessageCreationParams.Builder setSenderParticipant(android.telephony.ims.RcsParticipant)">
    <annotation name="androidx.annotation.CheckResult"/>
  </item>
  <item name="android.telephony.ims.RcsMessage android.telephony.ims.RcsFileTransferPart insertFileTransfer(android.telephony.ims.RcsFileTransferCreationParams)">
    <annotation name="androidx.annotation.WorkerThread"/>
  </item>
  <item name="android.telephony.ims.RcsMessage double getLatitude()">
    <annotation name="androidx.annotation.WorkerThread"/>
  </item>
  <item name="android.telephony.ims.RcsMessage double getLongitude()">
    <annotation name="androidx.annotation.WorkerThread"/>
  </item>
  <item name="android.telephony.ims.RcsMessage int getStatus()">
    <annotation name="androidx.annotation.WorkerThread"/>
    <annotation name="androidx.annotation.IntDef">
      <val name="value" val="{android.telephony.ims.RcsMessage.DRAFT, android.telephony.ims.RcsMessage.QUEUED, android.telephony.ims.RcsMessage.SENDING, android.telephony.ims.RcsMessage.SENT, android.telephony.ims.RcsMessage.RETRYING, android.telephony.ims.RcsMessage.FAILED, android.telephony.ims.RcsMessage.RECEIVED, android.telephony.ims.RcsMessage.SEEN}" />
    </annotation>
  </item>
  <item name="android.telephony.ims.RcsMessage java.lang.String getRcsMessageId()">
    <annotation name="androidx.annotation.WorkerThread"/>
  </item>
  <item name="android.telephony.ims.RcsMessage java.lang.String getText()">
    <annotation name="androidx.annotation.WorkerThread"/>
  </item>
  <item name="android.telephony.ims.RcsMessage java.util.Set&lt;android.telephony.ims.RcsFileTransferPart&gt; getFileTransferParts()">
    <annotation name="androidx.annotation.WorkerThread"/>
  </item>
  <item name="android.telephony.ims.RcsMessage long getOriginationTimestamp()">
    <annotation name="androidx.annotation.WorkerThread"/>
  </item>
  <item name="android.telephony.ims.RcsMessage void removeFileTransferPart(android.telephony.ims.RcsFileTransferPart)">
    <annotation name="androidx.annotation.WorkerThread"/>
  </item>
  <item name="android.telephony.ims.RcsMessage void setLatitude(double)">
    <annotation name="androidx.annotation.WorkerThread"/>
  </item>
  <item name="android.telephony.ims.RcsMessage void setLongitude(double)">
    <annotation name="androidx.annotation.WorkerThread"/>
  </item>
  <item name="android.telephony.ims.RcsMessage void setOriginationTimestamp(long)">
    <annotation name="androidx.annotation.WorkerThread"/>
  </item>
  <item name="android.telephony.ims.RcsMessage void setRcsMessageId(java.lang.String)">
    <annotation name="androidx.annotation.WorkerThread"/>
  </item>
  <item name="android.telephony.ims.RcsMessage void setStatus(int)">
    <annotation name="androidx.annotation.WorkerThread"/>
  </item>
  <item name="android.telephony.ims.RcsMessage void setStatus(int) 0">
    <annotation name="androidx.annotation.IntDef">
      <val name="value" val="{android.telephony.ims.RcsMessage.DRAFT, android.telephony.ims.RcsMessage.QUEUED, android.telephony.ims.RcsMessage.SENDING, android.telephony.ims.RcsMessage.SENT, android.telephony.ims.RcsMessage.RETRYING, android.telephony.ims.RcsMessage.FAILED, android.telephony.ims.RcsMessage.RECEIVED, android.telephony.ims.RcsMessage.SEEN}" />
    </annotation>
  </item>
  <item name="android.telephony.ims.RcsMessage void setSubscriptionId(int)">
    <annotation name="androidx.annotation.WorkerThread"/>
  </item>
  <item name="android.telephony.ims.RcsMessage void setText(java.lang.String)">
    <annotation name="androidx.annotation.WorkerThread"/>
  </item>
  <item name="android.telephony.ims.RcsMessageCreationParams.Builder android.telephony.ims.RcsMessageCreationParams.Builder setLatitude(double)">
    <annotation name="androidx.annotation.CheckResult"/>
  </item>
  <item name="android.telephony.ims.RcsMessageCreationParams.Builder android.telephony.ims.RcsMessageCreationParams.Builder setLongitude(double)">
    <annotation name="androidx.annotation.CheckResult"/>
  </item>
  <item name="android.telephony.ims.RcsMessageCreationParams.Builder android.telephony.ims.RcsMessageCreationParams.Builder setRcsMessageId(java.lang.String)">
    <annotation name="androidx.annotation.CheckResult"/>
  </item>
  <item name="android.telephony.ims.RcsMessageCreationParams.Builder android.telephony.ims.RcsMessageCreationParams.Builder setStatus(int)">
    <annotation name="androidx.annotation.CheckResult"/>
  </item>
  <item name="android.telephony.ims.RcsMessageCreationParams.Builder android.telephony.ims.RcsMessageCreationParams.Builder setStatus(int) 0">
    <annotation name="androidx.annotation.IntDef">
      <val name="value" val="{android.telephony.ims.RcsMessage.DRAFT, android.telephony.ims.RcsMessage.QUEUED, android.telephony.ims.RcsMessage.SENDING, android.telephony.ims.RcsMessage.SENT, android.telephony.ims.RcsMessage.RETRYING, android.telephony.ims.RcsMessage.FAILED, android.telephony.ims.RcsMessage.RECEIVED, android.telephony.ims.RcsMessage.SEEN}" />
    </annotation>
  </item>
  <item name="android.telephony.ims.RcsMessageCreationParams.Builder android.telephony.ims.RcsMessageCreationParams.Builder setText(java.lang.String)">
    <annotation name="androidx.annotation.CheckResult"/>
  </item>
  <item name="android.telephony.ims.RcsMessageQueryParams int getSortingProperty()">
    <annotation name="androidx.annotation.IntDef">
      <val name="value" val="{android.telephony.ims.RcsMessageQueryParams.SORT_BY_CREATION_ORDER, android.telephony.ims.RcsMessageQueryParams.SORT_BY_TIMESTAMP}" />
    </annotation>
  </item>
  <item name="android.telephony.ims.RcsMessageQueryParams.Builder android.telephony.ims.RcsMessageQueryParams.Builder setFileTransferPresence(int)">
    <annotation name="androidx.annotation.CheckResult"/>
  </item>
  <item name="android.telephony.ims.RcsMessageQueryParams.Builder android.telephony.ims.RcsMessageQueryParams.Builder setMessageLike(java.lang.String)">
    <annotation name="androidx.annotation.CheckResult"/>
  </item>
  <item name="android.telephony.ims.RcsMessageQueryParams.Builder android.telephony.ims.RcsMessageQueryParams.Builder setMessageType(int)">
    <annotation name="androidx.annotation.CheckResult"/>
  </item>
  <item name="android.telephony.ims.RcsMessageQueryParams.Builder android.telephony.ims.RcsMessageQueryParams.Builder setResultLimit(int)">
    <annotation name="androidx.annotation.CheckResult"/>
  </item>
  <item name="android.telephony.ims.RcsMessageQueryParams.Builder android.telephony.ims.RcsMessageQueryParams.Builder setResultLimit(int) 0">
    <annotation name="androidx.annotation.IntRange">
      <val name="from" val="0" />
    </annotation>
  </item>
  <item name="android.telephony.ims.RcsMessageQueryParams.Builder android.telephony.ims.RcsMessageQueryParams.Builder setSortDirection(boolean)">
    <annotation name="androidx.annotation.CheckResult"/>
  </item>
  <item name="android.telephony.ims.RcsMessageQueryParams.Builder android.telephony.ims.RcsMessageQueryParams.Builder setSortProperty(int)">
    <annotation name="androidx.annotation.CheckResult"/>
  </item>
  <item name="android.telephony.ims.RcsMessageQueryParams.Builder android.telephony.ims.RcsMessageQueryParams.Builder setSortProperty(int) 0">
    <annotation name="androidx.annotation.IntDef">
      <val name="value" val="{android.telephony.ims.RcsMessageQueryParams.SORT_BY_CREATION_ORDER, android.telephony.ims.RcsMessageQueryParams.SORT_BY_TIMESTAMP}" />
    </annotation>
  </item>
  <item name="android.telephony.ims.RcsMessageQueryParams.Builder android.telephony.ims.RcsMessageQueryParams.Builder setThread(android.telephony.ims.RcsThread)">
    <annotation name="androidx.annotation.CheckResult"/>
  </item>
  <item name="android.telephony.ims.RcsMessageSnippet int getSnippetStatus()">
    <annotation name="androidx.annotation.IntDef">
      <val name="value" val="{android.telephony.ims.RcsMessage.DRAFT, android.telephony.ims.RcsMessage.QUEUED, android.telephony.ims.RcsMessage.SENDING, android.telephony.ims.RcsMessage.SENT, android.telephony.ims.RcsMessage.RETRYING, android.telephony.ims.RcsMessage.FAILED, android.telephony.ims.RcsMessage.RECEIVED, android.telephony.ims.RcsMessage.SEEN}" />
    </annotation>
  </item>
  <item name="android.telephony.ims.RcsMessageStore android.telephony.ims.Rcs1To1Thread createRcs1To1Thread(android.telephony.ims.RcsParticipant)">
    <annotation name="androidx.annotation.WorkerThread"/>
  </item>
  <item name="android.telephony.ims.RcsMessageStore android.telephony.ims.RcsEventQueryResult getRcsEvents(android.telephony.ims.RcsEventQueryParams)">
    <annotation name="androidx.annotation.WorkerThread"/>
  </item>
  <item name="android.telephony.ims.RcsMessageStore android.telephony.ims.RcsEventQueryResult getRcsEvents(android.telephony.ims.RcsQueryContinuationToken)">
    <annotation name="androidx.annotation.WorkerThread"/>
  </item>
  <item name="android.telephony.ims.RcsMessageStore android.telephony.ims.RcsGroupThread createGroupThread(java.util.List<android.telephony.ims.RcsParticipant>, java.lang.String, android.net.Uri)">
    <annotation name="androidx.annotation.WorkerThread"/>
  </item>
  <item name="android.telephony.ims.RcsMessageStore android.telephony.ims.RcsMessageQueryResult getRcsMessages(android.telephony.ims.RcsMessageQueryParams)">
    <annotation name="androidx.annotation.WorkerThread"/>
  </item>
  <item name="android.telephony.ims.RcsMessageStore android.telephony.ims.RcsMessageQueryResult getRcsMessages(android.telephony.ims.RcsQueryContinuationToken)">
    <annotation name="androidx.annotation.WorkerThread"/>
  </item>
  <item name="android.telephony.ims.RcsMessageStore android.telephony.ims.RcsParticipant createRcsParticipant(java.lang.String, java.lang.String)">
    <annotation name="androidx.annotation.WorkerThread"/>
  </item>
  <item name="android.telephony.ims.RcsMessageStore android.telephony.ims.RcsParticipantQueryResult getRcsParticipants(android.telephony.ims.RcsParticipantQueryParams)">
    <annotation name="androidx.annotation.WorkerThread"/>
  </item>
  <item name="android.telephony.ims.RcsMessageStore android.telephony.ims.RcsParticipantQueryResult getRcsParticipants(android.telephony.ims.RcsQueryContinuationToken)">
    <annotation name="androidx.annotation.WorkerThread"/>
  </item>
  <item name="android.telephony.ims.RcsMessageStore android.telephony.ims.RcsThreadQueryResult getRcsThreads(android.telephony.ims.RcsQueryContinuationToken)">
    <annotation name="androidx.annotation.WorkerThread"/>
  </item>
  <item name="android.telephony.ims.RcsMessageStore android.telephony.ims.RcsThreadQueryResult getRcsThreads(android.telephony.ims.RcsThreadQueryParams)">
    <annotation name="androidx.annotation.WorkerThread"/>
  </item>
  <item name="android.telephony.ims.RcsMessageStore void deleteThread(android.telephony.ims.RcsThread)">
    <annotation name="androidx.annotation.WorkerThread"/>
  </item>
  <item name="android.telephony.ims.RcsMessageStore void persistRcsEvent(android.telephony.ims.RcsEvent)">
    <annotation name="androidx.annotation.WorkerThread"/>
  </item>
  <item name="android.telephony.ims.RcsOutgoingMessage java.util.List&lt;android.telephony.ims.RcsOutgoingMessageDelivery&gt; getOutgoingDeliveries()">
    <annotation name="androidx.annotation.WorkerThread"/>
  </item>
  <item name="android.telephony.ims.RcsOutgoingMessageDelivery int getStatus()">
    <annotation name="androidx.annotation.WorkerThread"/>
    <annotation name="androidx.annotation.IntDef">
      <val name="value" val="{android.telephony.ims.RcsMessage.DRAFT, android.telephony.ims.RcsMessage.QUEUED, android.telephony.ims.RcsMessage.SENDING, android.telephony.ims.RcsMessage.SENT, android.telephony.ims.RcsMessage.RETRYING, android.telephony.ims.RcsMessage.FAILED, android.telephony.ims.RcsMessage.RECEIVED, android.telephony.ims.RcsMessage.SEEN}" />
    </annotation>
  </item>
  <item name="android.telephony.ims.RcsOutgoingMessageDelivery long getDeliveredTimestamp()">
    <annotation name="androidx.annotation.WorkerThread"/>
  </item>
  <item name="android.telephony.ims.RcsOutgoingMessageDelivery long getSeenTimestamp()">
    <annotation name="androidx.annotation.WorkerThread"/>
  </item>
  <item name="android.telephony.ims.RcsOutgoingMessageDelivery void setDeliveredTimestamp(long)">
    <annotation name="androidx.annotation.WorkerThread"/>
  </item>
  <item name="android.telephony.ims.RcsOutgoingMessageDelivery void setSeenTimestamp(long)">
    <annotation name="androidx.annotation.WorkerThread"/>
  </item>
  <item name="android.telephony.ims.RcsOutgoingMessageDelivery void setStatus(int)">
    <annotation name="androidx.annotation.WorkerThread"/>
  </item>
  <item name="android.telephony.ims.RcsOutgoingMessageDelivery void setStatus(int) 0">
    <annotation name="androidx.annotation.IntDef">
      <val name="value" val="{android.telephony.ims.RcsMessage.DRAFT, android.telephony.ims.RcsMessage.QUEUED, android.telephony.ims.RcsMessage.SENDING, android.telephony.ims.RcsMessage.SENT, android.telephony.ims.RcsMessage.RETRYING, android.telephony.ims.RcsMessage.FAILED, android.telephony.ims.RcsMessage.RECEIVED, android.telephony.ims.RcsMessage.SEEN}" />
    </annotation>
  </item>
  <item name="android.telephony.ims.RcsParticipant java.lang.String getAlias()">
    <annotation name="androidx.annotation.WorkerThread"/>
  </item>
  <item name="android.telephony.ims.RcsParticipant java.lang.String getCanonicalAddress()">
    <annotation name="androidx.annotation.WorkerThread"/>
  </item>
  <item name="android.telephony.ims.RcsParticipant java.lang.String getContactId()">
    <annotation name="androidx.annotation.WorkerThread"/>
  </item>
  <item name="android.telephony.ims.RcsParticipant void setAlias(java.lang.String)">
    <annotation name="androidx.annotation.WorkerThread"/>
  </item>
  <item name="android.telephony.ims.RcsParticipant void setContactId(java.lang.String)">
    <annotation name="androidx.annotation.WorkerThread"/>
  </item>
  <item name="android.telephony.ims.RcsParticipantQueryParams.Builder android.telephony.ims.RcsParticipantQueryParams.Builder setAliasLike(java.lang.String)">
    <annotation name="androidx.annotation.CheckResult"/>
  </item>
  <item name="android.telephony.ims.RcsParticipantQueryParams.Builder android.telephony.ims.RcsParticipantQueryParams.Builder setCanonicalAddressLike(java.lang.String)">
    <annotation name="androidx.annotation.CheckResult"/>
  </item>
  <item name="android.telephony.ims.RcsParticipantQueryParams.Builder android.telephony.ims.RcsParticipantQueryParams.Builder setResultLimit(int)">
    <annotation name="androidx.annotation.CheckResult"/>
  </item>
  <item name="android.telephony.ims.RcsParticipantQueryParams.Builder android.telephony.ims.RcsParticipantQueryParams.Builder setResultLimit(int) 0">
    <annotation name="androidx.annotation.IntRange">
      <val name="from" val="0" />
    </annotation>
  </item>
  <item name="android.telephony.ims.RcsParticipantQueryParams.Builder android.telephony.ims.RcsParticipantQueryParams.Builder setSortDirection(boolean)">
    <annotation name="androidx.annotation.CheckResult"/>
  </item>
  <item name="android.telephony.ims.RcsParticipantQueryParams.Builder android.telephony.ims.RcsParticipantQueryParams.Builder setSortProperty(int)">
    <annotation name="androidx.annotation.CheckResult"/>
  </item>
  <item name="android.telephony.ims.RcsParticipantQueryParams.Builder android.telephony.ims.RcsParticipantQueryParams.Builder setSortProperty(int) 0">
    <annotation name="androidx.annotation.IntDef">
      <val name="value" val="{android.telephony.ims.RcsParticipantQueryParams.SORT_BY_CREATION_ORDER, android.telephony.ims.RcsParticipantQueryParams.SORT_BY_ALIAS, android.telephony.ims.RcsParticipantQueryParams.SORT_BY_CANONICAL_ADDRESS}" />
    </annotation>
  </item>
  <item name="android.telephony.ims.RcsParticipantQueryParams.Builder android.telephony.ims.RcsParticipantQueryParams.Builder setThread(android.telephony.ims.RcsThread)">
    <annotation name="androidx.annotation.CheckResult"/>
  </item>
  <item name="android.telephony.ims.RcsQueryContinuationToken int getQueryType()">
    <annotation name="androidx.annotation.IntDef">
      <val name="value" val="{android.telephony.ims.RcsQueryContinuationToken.EVENT_QUERY_CONTINUATION_TOKEN_TYPE, android.telephony.ims.RcsQueryContinuationToken.MESSAGE_QUERY_CONTINUATION_TOKEN_TYPE, android.telephony.ims.RcsQueryContinuationToken.PARTICIPANT_QUERY_CONTINUATION_TOKEN_TYPE, android.telephony.ims.RcsQueryContinuationToken.THREAD_QUERY_CONTINUATION_TOKEN_TYPE}" />
    </annotation>
  </item>
  <item name="android.telephony.ims.RcsThread android.telephony.ims.RcsIncomingMessage addIncomingMessage(android.telephony.ims.RcsIncomingMessageCreationParams)">
    <annotation name="androidx.annotation.WorkerThread"/>
  </item>
  <item name="android.telephony.ims.RcsThread android.telephony.ims.RcsMessageQueryResult getMessages()">
    <annotation name="androidx.annotation.WorkerThread"/>
  </item>
  <item name="android.telephony.ims.RcsThread android.telephony.ims.RcsMessageSnippet getSnippet()">
    <annotation name="androidx.annotation.WorkerThread"/>
  </item>
  <item name="android.telephony.ims.RcsThread android.telephony.ims.RcsOutgoingMessage addOutgoingMessage(android.telephony.ims.RcsOutgoingMessageCreationParams)">
    <annotation name="androidx.annotation.WorkerThread"/>
  </item>
  <item name="android.telephony.ims.RcsThread void deleteMessage(android.telephony.ims.RcsMessage)">
    <annotation name="androidx.annotation.WorkerThread"/>
  </item>
  <item name="android.telephony.ims.RcsThreadQueryParams int getSortingProperty()">
    <annotation name="androidx.annotation.IntDef">
      <val name="value" val="{android.telephony.ims.RcsThreadQueryParams.SORT_BY_CREATION_ORDER, android.telephony.ims.RcsThreadQueryParams.SORT_BY_TIMESTAMP}" />
    </annotation>
  </item>
  <item name="android.telephony.ims.RcsThreadQueryParams.Builder android.telephony.ims.RcsThreadQueryParams.Builder setParticipant(android.telephony.ims.RcsParticipant)">
    <annotation name="androidx.annotation.CheckResult"/>
  </item>
  <item name="android.telephony.ims.RcsThreadQueryParams.Builder android.telephony.ims.RcsThreadQueryParams.Builder setParticipants(java.util.List<android.telephony.ims.RcsParticipant>)">
    <annotation name="androidx.annotation.CheckResult"/>
  </item>
  <item name="android.telephony.ims.RcsThreadQueryParams.Builder android.telephony.ims.RcsThreadQueryParams.Builder setResultLimit(int)">
    <annotation name="androidx.annotation.CheckResult"/>
  </item>
  <item name="android.telephony.ims.RcsThreadQueryParams.Builder android.telephony.ims.RcsThreadQueryParams.Builder setResultLimit(int) 0">
    <annotation name="androidx.annotation.IntRange">
      <val name="from" val="0" />
    </annotation>
  </item>
  <item name="android.telephony.ims.RcsThreadQueryParams.Builder android.telephony.ims.RcsThreadQueryParams.Builder setSortDirection(boolean)">
    <annotation name="androidx.annotation.CheckResult"/>
  </item>
  <item name="android.telephony.ims.RcsThreadQueryParams.Builder android.telephony.ims.RcsThreadQueryParams.Builder setSortProperty(int)">
    <annotation name="androidx.annotation.CheckResult"/>
  </item>
  <item name="android.telephony.ims.RcsThreadQueryParams.Builder android.telephony.ims.RcsThreadQueryParams.Builder setSortProperty(int) 0">
    <annotation name="androidx.annotation.IntDef">
      <val name="value" val="{android.telephony.ims.RcsThreadQueryParams.SORT_BY_CREATION_ORDER, android.telephony.ims.RcsThreadQueryParams.SORT_BY_TIMESTAMP}" />
    </annotation>
  </item>
  <item name="android.telephony.ims.RcsThreadQueryParams.Builder android.telephony.ims.RcsThreadQueryParams.Builder setThreadType(int)">
    <annotation name="androidx.annotation.CheckResult"/>
  </item>
</root>

