<?xml version="1.0" encoding="UTF-8"?>
<root>
  <item name="android.telephony.emergency.EmergencyNumber boolean isFromSources(int) 0">
    <annotation name="androidx.annotation.IntDef">
      <val name="flag" val="true" />
      <val name="value" val="{android.telephony.emergency.EmergencyNumber.EMERGENCY_NUMBER_SOURCE_NETWORK_SIGNALING, android.telephony.emergency.EmergencyNumber.EMERGENCY_NUMBER_SOURCE_SIM, android.telephony.emergency.EmergencyNumber.EMERGENCY_NUMBER_SOURCE_DATABASE, android.telephony.emergency.EmergencyNumber.EMERGENCY_NUMBER_SOURCE_MODEM_CONFIG, android.telephony.emergency.EmergencyNumber.EMERGENCY_NUMBER_SOURCE_DEFAULT}" />
    </annotation>
  </item>
  <item name="android.telephony.emergency.EmergencyNumber boolean isInEmergencyServiceCategories(int) 0">
    <annotation name="androidx.annotation.IntDef">
      <val name="flag" val="true" />
      <val name="value" val="{android.telephony.emergency.EmergencyNumber.EMERGENCY_SERVICE_CATEGORY_UNSPECIFIED, android.telephony.emergency.EmergencyNumber.EMERGENCY_SERVICE_CATEGORY_POLICE, android.telephony.emergency.EmergencyNumber.EMERGENCY_SERVICE_CATEGORY_AMBULANCE, android.telephony.emergency.EmergencyNumber.EMERGENCY_SERVICE_CATEGORY_FIRE_BRIGADE, android.telephony.emergency.EmergencyNumber.EMERGENCY_SERVICE_CATEGORY_MARINE_GUARD, android.telephony.emergency.EmergencyNumber.EMERGENCY_SERVICE_CATEGORY_MOUNTAIN_RESCUE, android.telephony.emergency.EmergencyNumber.EMERGENCY_SERVICE_CATEGORY_MIEC, android.telephony.emergency.EmergencyNumber.EMERGENCY_SERVICE_CATEGORY_AIEC}" />
    </annotation>
  </item>
  <item name="android.telephony.emergency.EmergencyNumber int getEmergencyCallRouting()">
    <annotation name="androidx.annotation.IntDef">
      <val name="flag" val="false" />
      <val name="value" val="{android.telephony.emergency.EmergencyNumber.EMERGENCY_CALL_ROUTING_UNKNOWN, android.telephony.emergency.EmergencyNumber.EMERGENCY_CALL_ROUTING_EMERGENCY, android.telephony.emergency.EmergencyNumber.EMERGENCY_CALL_ROUTING_NORMAL}" />
    </annotation>
  </item>
  <item name="android.telephony.emergency.EmergencyNumber int getEmergencyNumberSourceBitmask()">
    <annotation name="androidx.annotation.IntDef">
      <val name="flag" val="true" />
      <val name="value" val="{android.telephony.emergency.EmergencyNumber.EMERGENCY_NUMBER_SOURCE_NETWORK_SIGNALING, android.telephony.emergency.EmergencyNumber.EMERGENCY_NUMBER_SOURCE_SIM, android.telephony.emergency.EmergencyNumber.EMERGENCY_NUMBER_SOURCE_DATABASE, android.telephony.emergency.EmergencyNumber.EMERGENCY_NUMBER_SOURCE_MODEM_CONFIG, android.telephony.emergency.EmergencyNumber.EMERGENCY_NUMBER_SOURCE_DEFAULT}" />
    </annotation>
  </item>
  <item name="android.telephony.emergency.EmergencyNumber int getEmergencyServiceCategoryBitmask()">
    <annotation name="androidx.annotation.IntDef">
      <val name="flag" val="true" />
      <val name="value" val="{android.telephony.emergency.EmergencyNumber.EMERGENCY_SERVICE_CATEGORY_UNSPECIFIED, android.telephony.emergency.EmergencyNumber.EMERGENCY_SERVICE_CATEGORY_POLICE, android.telephony.emergency.EmergencyNumber.EMERGENCY_SERVICE_CATEGORY_AMBULANCE, android.telephony.emergency.EmergencyNumber.EMERGENCY_SERVICE_CATEGORY_FIRE_BRIGADE, android.telephony.emergency.EmergencyNumber.EMERGENCY_SERVICE_CATEGORY_MARINE_GUARD, android.telephony.emergency.EmergencyNumber.EMERGENCY_SERVICE_CATEGORY_MOUNTAIN_RESCUE, android.telephony.emergency.EmergencyNumber.EMERGENCY_SERVICE_CATEGORY_MIEC, android.telephony.emergency.EmergencyNumber.EMERGENCY_SERVICE_CATEGORY_AIEC}" />
    </annotation>
  </item>
</root>

