{
  "config_type": "BaseConfig",
  "dependencies": {
    "chrome_canary": {
      "cloud_storage_base_folder": "binary_dependencies",
      "cloud_storage_bucket": "chrome-telemetry",
      "file_info": {
        "mac_x86_64": {
          "cloud_storage_hash": "6278cf24b700076fd17ae8616fd980d18f33ed5d",
          "download_path": "bin/reference_builds/chrome-mac64.zip",
          "path_within_archive": "chrome-mac/Google Chrome.app/Contents/MacOS/Google Chrome",
          "version_in_cs": "70.0.3509.0"
        },
        "win_AMD64": {
          "cloud_storage_hash": "a78facdb295d2ee36aaf5af89e54b5c5fcd48f7c",
          "download_path": "bin\\reference_build\\chrome-win64-clang.zip",
          "path_within_archive": "chrome-win64-clang\\chrome.exe",
          "version_in_cs": "70.0.3509.0"
        },
        "win_x86": {
          "cloud_storage_hash": "348e8133c5fa687864a3d8eff13ed5be6852e95d",
          "download_path": "bin\\reference_build\\chrome-win32-clang.zip",
          "path_within_archive": "chrome-win32-clang\\chrome.exe",
          "version_in_cs": "70.0.3509.0"
        }
      }
    },
    "chrome_dev": {
      "cloud_storage_base_folder": "binary_dependencies",
      "cloud_storage_bucket": "chrome-telemetry",
      "file_info": {
        "linux_x86_64": {
          "cloud_storage_hash": "1ef8d8ebf114b47aecf11a36c21377376ced3794",
          "download_path": "bin/reference_build/chrome-linux64.zip",
          "path_within_archive": "chrome-linux64/chrome",
          "version_in_cs": "69.0.3497.23"
        }
      }
    },
    "chrome_stable": {
      "cloud_storage_base_folder": "binary_dependencies",
      "cloud_storage_bucket": "chrome-telemetry",
      "file_info": {
        "android_k_armeabi-v7a": {
          "cloud_storage_hash": "5a4cc68b2ef5e6073f9f8f42987155d5fc8a3c48",
          "download_path": "bin/reference_build/android_k_armeabi-v7a/ChromeStable.apk",
          "version_in_cs": "68.0.3440.85"
        },
        "android_l_arm64-v8a": {
          "cloud_storage_hash": "42d527ca74e99fb9398826204db09c8740df7fd4",
          "download_path": "bin/reference_build/android_l_arm64-v8a/ChromeStable.apk",
          "version_in_cs": "68.0.3440.85"
        },
        "android_l_armeabi-v7a": {
          "cloud_storage_hash": "5a4cc68b2ef5e6073f9f8f42987155d5fc8a3c48",
          "download_path": "bin/reference_build/android_l_armeabi-v7a/ChromeStable.apk",
          "version_in_cs": "68.0.3440.85"
        },
        "android_n_armeabi-v7a": {
          "cloud_storage_hash": "d37f47a804e815daf001f65d0c13a2cf38641f3e",
          "download_path": "bin/reference_build/android_n_armeabi-v7a/Monochrome.apk",
          "version_in_cs": "68.0.3440.85"
        },
        "linux_x86_64": {
          "cloud_storage_hash": "aab60e4a4ee4f3d638aa6a33e52ffb6423fa7080",
          "download_path": "bin/reference_build/chrome-linux64.zip",
          "path_within_archive": "chrome-linux64/chrome",
          "version_in_cs": "68.0.3440.84"
        },
        "mac_x86_64": {
          "cloud_storage_hash": "8a020bc9caa2526408dc23044e8dcfaaf6b6948e",
          "download_path": "bin/reference_builds/chrome-mac64.zip",
          "path_within_archive": "chrome-mac/Google Chrome.app/Contents/MacOS/Google Chrome",
          "version_in_cs": "68.0.3440.84"
        },
        "win_AMD64": {
          "cloud_storage_hash": "19da10346662d8e791076a0ddcfbf2a435b6915a",
          "download_path": "bin\\reference_build\\chrome-win64-clang.zip",
          "path_within_archive": "chrome-win64-clang\\chrome.exe",
          "version_in_cs": "68.0.3440.84"
        },
        "win_x86": {
          "cloud_storage_hash": "760ff8661550f6aebadedba99075efe6adae3414",
          "download_path": "bin\\reference_build\\chrome-win-clang.zip",
          "path_within_archive": "chrome-win-clang\\chrome.exe",
          "version_in_cs": "68.0.3440.84"
        }
      }
    }
  }
}